"Benchmark","Routing","Selection","Data Packet Injection Rate","ACO Selection Alpha","Reinforcement Factor","Algorithm","Max Cycles","Simulation Time (Seconds)","Throughput","Average Packet Delay","Payload Throughput","Average Payload Packet Delay"
"Transpose1","XY","Random","0.015","0.5","0.05","XY+Random","1000","0.342339831","0.012515625","41.181023720349565","0.012515625","41.181023720349565"
"Transpose1","OddEven","BufferLevel","0.015","0.5","0.05","OddEven+BufferLevel","1000","0.240385228","0.0124375","41.0678391959799","0.0124375","41.0678391959799"
"Transpose1","OddEven","ACO","0.015","0.3","0.0005","OddEven+ACO(0.3, 0.0005)","1000","0.309420757","0.0133125","42.42018779342723","0.01309375","42.795942720763726"
"Transpose1","OddEven","ACO","0.015","0.3","0.002","OddEven+ACO(0.3, 0.002)","1000","0.272075695","0.0133125","42.43427230046948","0.01309375","42.81145584725537"
"Transpose1","OddEven","ACO","0.015","0.3","0.008","OddEven+ACO(0.3, 0.008)","1000","0.365251345","0.013296875","42.45710928319624","0.013078125","42.83393070489845"
"Transpose1","OddEven","ACO","0.015","0.3","0.032","OddEven+ACO(0.3, 0.032)","1000","0.429396145","0.0133125","42.42253521126761","0.01309375","42.798329355608594"
"Transpose1","OddEven","ACO","0.015","0.4","0.0005","OddEven+ACO(0.4, 0.0005)","1000","0.343767667","0.0133125","42.428403755868544","0.01309375","42.80429594272076"
"Transpose1","OddEven","ACO","0.015","0.4","0.002","OddEven+ACO(0.4, 0.002)","1000","0.246730429","0.013296875","42.45123384253819","0.013078125","42.82795698924731"
"Transpose1","OddEven","ACO","0.015","0.4","0.008","OddEven+ACO(0.4, 0.008)","1000","0.270693494","0.0133125","42.43427230046948","0.01309375","42.81026252983293"
"Transpose1","OddEven","ACO","0.015","0.4","0.032","OddEven+ACO(0.4, 0.032)","1000","0.326428636","0.0133125","42.428403755868544","0.01309375","42.80429594272076"
"Transpose1","OddEven","ACO","0.015","0.5","0.0005","OddEven+ACO(0.5, 0.0005)","1000","0.288609567","0.013296875","42.45828437132785","0.013078125","42.83512544802868"
"Transpose1","OddEven","ACO","0.015","0.5","0.002","OddEven+ACO(0.5, 0.002)","1000","0.267860436","0.0133125","42.43075117370892","0.01309375","42.80668257756563"
"Transpose1","OddEven","ACO","0.015","0.5","0.008","OddEven+ACO(0.5, 0.008)","1000","0.283016718","0.0133125","42.431924882629104","0.01309375","42.8090692124105"
"Transpose1","OddEven","ACO","0.015","0.5","0.032","OddEven+ACO(0.5, 0.032)","1000","0.272433764","0.0133125","42.43544600938967","0.01309375","42.81145584725537"
"Transpose1","OddEven","ACO","0.015","0.6","0.0005","OddEven+ACO(0.6, 0.0005)","1000","0.279972152","0.0133125","42.433098591549296","0.01309375","42.81026252983293"
"Transpose1","OddEven","ACO","0.015","0.6","0.002","OddEven+ACO(0.6, 0.002)","1000","0.321771114","0.0133125","42.42723004694836","0.01309375","42.80310262529833"
"Transpose1","OddEven","ACO","0.015","0.6","0.008","OddEven+ACO(0.6, 0.008)","1000","0.302037915","0.013296875","42.45358401880141","0.013078125","42.83034647550777"
"Transpose1","OddEven","ACO","0.015","0.6","0.032","OddEven+ACO(0.6, 0.032)","1000","0.345844183","0.0133125","42.433098591549296","0.01309375","42.8090692124105"
"Transpose1","OddEven","ACO","0.015","0.7","0.0005","OddEven+ACO(0.7, 0.0005)","1000","0.357103777","0.0133125","42.428403755868544","0.01309375","42.80429594272076"
"Transpose1","OddEven","ACO","0.015","0.7","0.002","OddEven+ACO(0.7, 0.002)","1000","0.392281044","0.013296875","42.45828437132785","0.013078125","42.8363201911589"
"Transpose1","OddEven","ACO","0.015","0.7","0.008","OddEven+ACO(0.7, 0.008)","1000","0.343367731","0.0133125","42.43544600938967","0.01309375","42.81145584725537"
"Transpose1","OddEven","ACO","0.015","0.7","0.032","OddEven+ACO(0.7, 0.032)","1000","0.267529115","0.013296875","42.45358401880141","0.013078125","42.831541218637994"
"Transpose1","XY","Random","0.03","0.5","0.05","XY+Random","1000","0.450996028","0.024328125","44.38021836865767","0.024328125","44.38021836865767"
"Transpose1","OddEven","BufferLevel","0.03","0.5","0.05","OddEven+BufferLevel","1000","0.7390135","0.02509375","41.82503113325031","0.02509375","41.82503113325031"
"Transpose1","OddEven","ACO","0.03","0.3","0.0005","OddEven+ACO(0.3, 0.0005)","1000","0.738642182","0.025390625","42.60553846153846","0.025171875","42.798882681564244"
"Transpose1","OddEven","ACO","0.03","0.3","0.002","OddEven+ACO(0.3, 0.002)","1000","0.524470914","0.02540625","42.638376383763834","0.0251875","42.831265508684865"
"Transpose1","OddEven","ACO","0.03","0.3","0.008","OddEven+ACO(0.3, 0.008)","1000","0.475578996","0.025390625","42.581538461538464","0.025171875","42.774674115456236"
"Transpose1","OddEven","ACO","0.03","0.3","0.032","OddEven+ACO(0.3, 0.032)","1000","0.452969347","0.025390625","42.60492307692308","0.025171875","42.79826194909994"
"Transpose1","OddEven","ACO","0.03","0.4","0.0005","OddEven+ACO(0.4, 0.0005)","1000","0.520068668","0.025390625","42.63507692307692","0.025171875","42.828677839851025"
"Transpose1","OddEven","ACO","0.03","0.4","0.002","OddEven+ACO(0.4, 0.002)","1000","0.5201231","0.025390625","42.60123076923077","0.025171875","42.79453755431409"
"Transpose1","OddEven","ACO","0.03","0.4","0.008","OddEven+ACO(0.4, 0.008)","1000","0.615440224","0.02540625","42.57441574415744","0.0251875","42.76736972704715"
"Transpose1","OddEven","ACO","0.03","0.4","0.032","OddEven+ACO(0.4, 0.032)","1000","0.599305955","0.025390625","42.63384615384616","0.025171875","42.82743637492241"
"Transpose1","OddEven","ACO","0.03","0.5","0.0005","OddEven+ACO(0.5, 0.0005)","1000","0.55997185","0.025421875","42.57098955132145","0.025203125","42.76317420954743"
"Transpose1","OddEven","ACO","0.03","0.5","0.002","OddEven+ACO(0.5, 0.002)","1000","0.561717187","0.025390625","42.63753846153846","0.025171875","42.831160769708255"
"Transpose1","OddEven","ACO","0.03","0.5","0.008","OddEven+ACO(0.5, 0.008)","1000","0.645210704","0.02540625","42.56273062730627","0.0251875","42.75558312655087"
"Transpose1","OddEven","ACO","0.03","0.5","0.032","OddEven+ACO(0.5, 0.032)","1000","0.708766672","0.025390625","42.57046153846154","0.025171875","42.7635009310987"
"Transpose1","OddEven","ACO","0.03","0.6","0.0005","OddEven+ACO(0.6, 0.0005)","1000","0.724660084","0.025390625","42.595076923076924","0.025171875","42.78833022967101"
"Transpose1","OddEven","ACO","0.03","0.6","0.002","OddEven+ACO(0.6, 0.002)","1000","0.620919821","0.02540625","42.61808118081181","0.0251875","42.81079404466501"
"Transpose1","OddEven","ACO","0.03","0.6","0.008","OddEven+ACO(0.6, 0.008)","1000","0.540326401","0.02540625","42.608856088560884","0.0251875","42.80210918114144"
"Transpose1","OddEven","ACO","0.03","0.6","0.032","OddEven+ACO(0.6, 0.032)","1000","0.532025432","0.02540625","42.58118081180812","0.0251875","42.774193548387096"
"Transpose1","OddEven","ACO","0.03","0.7","0.0005","OddEven+ACO(0.7, 0.0005)","1000","0.597985315","0.025421875","42.602950215119854","0.025203125","42.79541227526349"
"Transpose1","OddEven","ACO","0.03","0.7","0.002","OddEven+ACO(0.7, 0.002)","1000","0.644847698","0.025421875","42.63368162261832","0.025203125","42.82641041537508"
"Transpose1","OddEven","ACO","0.03","0.7","0.008","OddEven+ACO(0.7, 0.008)","1000","0.607157807","0.025390625","42.60553846153846","0.025171875","42.798882681564244"
"Transpose1","OddEven","ACO","0.03","0.7","0.032","OddEven+ACO(0.7, 0.032)","1000","0.760060521","0.02540625","42.61562115621156","0.0251875","42.80831265508685"
"Transpose1","XY","Random","0.045","0.5","0.05","XY+Random","1000","1.189376926","0.0350625","75.1078431372549","0.0350625","75.1078431372549"
"Transpose1","OddEven","BufferLevel","0.045","0.5","0.05","OddEven+BufferLevel","1000","0.731173939","0.037171875","45.350987810004206","0.037171875","45.350987810004206"
"Transpose1","OddEven","ACO","0.045","0.3","0.0005","OddEven+ACO(0.3, 0.0005)","1000","0.763128416","0.037953125","44.755866611774394","0.037734375","44.885714285714286"
"Transpose1","OddEven","ACO","0.045","0.3","0.002","OddEven+ACO(0.3, 0.002)","1000","0.84137824","0.037953125","44.699876492383694","0.037734375","44.826501035196685"
"Transpose1","OddEven","ACO","0.045","0.3","0.008","OddEven+ACO(0.3, 0.008)","1000","0.943058002","0.037953125","44.8917249897077","0.037734375","45.025258799171844"
"Transpose1","OddEven","ACO","0.045","0.3","0.032","OddEven+ACO(0.3, 0.032)","1000","0.733599793","0.037953125","45.000823384108685","0.037734375","45.13706004140787"
"Transpose1","OddEven","ACO","0.045","0.4","0.0005","OddEven+ACO(0.4, 0.0005)","1000","0.764112447","0.037953125","44.78139151914368","0.037734375","44.91345755693582"
"Transpose1","OddEven","ACO","0.045","0.4","0.002","OddEven+ACO(0.4, 0.002)","1000","0.754774911","0.037953125","44.674351585014406","0.037734375","44.80703933747412"
"Transpose1","OddEven","ACO","0.045","0.4","0.008","OddEven+ACO(0.4, 0.008)","1000","0.789533777","0.037953125","44.98353231782627","0.037734375","45.11180124223603"
"Transpose1","OddEven","ACO","0.045","0.4","0.032","OddEven+ACO(0.4, 0.032)","1000","0.712080465","0.03796875","45.00576131687243","0.03775","45.139900662251655"
"Transpose1","OddEven","ACO","0.045","0.5","0.0005","OddEven+ACO(0.5, 0.0005)","1000","0.972935225","0.037953125","44.885137916838204","0.037734375","45.01863354037267"
"Transpose1","OddEven","ACO","0.045","0.5","0.002","OddEven+ACO(0.5, 0.002)","1000","0.865701424","0.03796875","45.336625514403295","0.03775","45.46937086092715"
"Transpose1","OddEven","ACO","0.045","0.5","0.008","OddEven+ACO(0.5, 0.008)","1000","0.696512821","0.03796875","44.75185185185185","0.03775","44.88203642384106"
"Transpose1","OddEven","ACO","0.045","0.5","0.032","OddEven+ACO(0.5, 0.032)","1000","0.673938554","0.037953125","44.879374228077396","0.037734375","45.0120082815735"
"Transpose1","OddEven","ACO","0.045","0.6","0.0005","OddEven+ACO(0.6, 0.0005)","1000","0.752360697","0.037953125","44.88472622478386","0.037734375","45.017391304347825"
"Transpose1","OddEven","ACO","0.045","0.6","0.002","OddEven+ACO(0.6, 0.002)","1000","0.670796149","0.03796875","45.20041152263374","0.03775","45.33278145695364"
"Transpose1","OddEven","ACO","0.045","0.6","0.008","OddEven+ACO(0.6, 0.008)","1000","0.786644018","0.037921875","45.00782859497322","0.037703125","45.14214670534604"
"Transpose1","OddEven","ACO","0.045","0.6","0.032","OddEven+ACO(0.6, 0.032)","1000","0.708876414","0.037953125","44.94195142033759","0.037734375","45.075776397515526"
"Transpose1","OddEven","ACO","0.045","0.7","0.0005","OddEven+ACO(0.7, 0.0005)","1000","0.791294438","0.037953125","44.95389048991355","0.037734375","45.087784679089026"
"Transpose1","OddEven","ACO","0.045","0.7","0.002","OddEven+ACO(0.7, 0.002)","1000","0.755136183","0.037953125","44.87114038699053","0.037734375","45.00455486542443"
"Transpose1","OddEven","ACO","0.045","0.7","0.008","OddEven+ACO(0.7, 0.008)","1000","0.798459886","0.037953125","45.13709345409634","0.037734375","45.27204968944099"
"Transpose1","OddEven","ACO","0.045","0.7","0.032","OddEven+ACO(0.7, 0.032)","1000","0.794369462","0.03796875","45.05761316872428","0.03775","45.19205298013245"
"Transpose1","XY","Random","0.06","0.5","0.05","XY+Random","1000","1.600071984","0.04034375","103.1727343144849","0.04034375","103.1727343144849"
"Transpose1","OddEven","BufferLevel","0.06","0.5","0.05","OddEven+BufferLevel","1000","0.965839435","0.048328125","60.45328160362108","0.048328125","60.45328160362108"
"Transpose1","OddEven","ACO","0.06","0.3","0.0005","OddEven+ACO(0.3, 0.0005)","1000","0.882037989","0.04896875","57.336630504148054","0.04875","57.49326923076923"
"Transpose1","OddEven","ACO","0.06","0.3","0.002","OddEven+ACO(0.3, 0.002)","1000","1.210237033","0.048671875","59.75922953451043","0.048453125","59.92647533053854"
"Transpose1","OddEven","ACO","0.06","0.3","0.008","OddEven+ACO(0.3, 0.008)","1000","1.069248528","0.048953125","57.1388445579317","0.048734375","57.29464571978198"
"Transpose1","OddEven","ACO","0.06","0.3","0.032","OddEven+ACO(0.3, 0.032)","1000","1.3483233860000001","0.04859375","60.55369774919614","0.048375","60.724806201550386"
"Transpose1","OddEven","ACO","0.06","0.4","0.0005","OddEven+ACO(0.4, 0.0005)","1000","1.107658196","0.04896875","57.01914486279515","0.04875","57.17275641025641"
"Transpose1","OddEven","ACO","0.06","0.4","0.002","OddEven+ACO(0.4, 0.002)","1000","1.097216042","0.049015625","59.41982786101371","0.048796875","59.57796990073647"
"Transpose1","OddEven","ACO","0.06","0.4","0.008","OddEven+ACO(0.4, 0.008)","1000","1.03771714","0.04903125","57.02453792224347","0.0488125","57.17349551856594"
"Transpose1","OddEven","ACO","0.06","0.4","0.032","OddEven+ACO(0.4, 0.032)","1000","1.184675848","0.048890625","58.07094918504315","0.048671875","58.231139646869984"
"Transpose1","OddEven","ACO","0.06","0.5","0.0005","OddEven+ACO(0.5, 0.0005)","1000","1.145443184","0.04896875","56.53477983407785","0.04875","56.687820512820515"
"Transpose1","OddEven","ACO","0.06","0.5","0.002","OddEven+ACO(0.5, 0.002)","1000","1.180704616","0.04890625","58.81916932907348","0.0486875","58.980423620025675"
"Transpose1","OddEven","ACO","0.06","0.5","0.008","OddEven+ACO(0.5, 0.008)","1000","1.172367708","0.048828125","58.79456","0.048609375","58.951141112182576"
"Transpose1","OddEven","ACO","0.06","0.5","0.032","OddEven+ACO(0.5, 0.032)","1000","1.053169631","0.04890625","57.131309904153355","0.0486875","57.27952503209243"
"Transpose1","OddEven","ACO","0.06","0.6","0.0005","OddEven+ACO(0.6, 0.0005)","1000","1.011367889","0.04896875","57.206445437141035","0.04875","57.364423076923075"
"Transpose1","OddEven","ACO","0.06","0.6","0.002","OddEven+ACO(0.6, 0.002)","1000","1.067471204","0.049015625","56.24896397832324","0.048796875","56.400256163944924"
"Transpose1","OddEven","ACO","0.06","0.6","0.008","OddEven+ACO(0.6, 0.008)","1000","1.188351606","0.049","58.15561224489796","0.04878125","58.312940422805895"
"Transpose1","OddEven","ACO","0.06","0.6","0.032","OddEven+ACO(0.6, 0.032)","1000","1.013002509","0.049046875","57.391207390888816","0.048828125","57.54368"
"Transpose1","OddEven","ACO","0.06","0.7","0.0005","OddEven+ACO(0.7, 0.0005)","1000","1.095559542","0.048984375","57.470813397129184","0.048765625","57.62832425504646"
"Transpose1","OddEven","ACO","0.06","0.7","0.002","OddEven+ACO(0.7, 0.002)","1000","0.965610577","0.049046875","56.6718700223001","0.048828125","56.82464"
"Transpose1","OddEven","ACO","0.06","0.7","0.008","OddEven+ACO(0.7, 0.008)","1000","1.355202798","0.04896875","57.642310146777284","0.04875","57.79294871794872"
"Transpose1","OddEven","ACO","0.06","0.7","0.032","OddEven+ACO(0.7, 0.032)","1000","1.078233603","0.048875","58.285485933503836","0.04865625","58.44829800899165"
"Transpose1","XY","Random","0.075","0.5","0.05","XY+Random","1000","1.945265999","0.043015625","120.06865237922267","0.043015625","120.06865237922267"
"Transpose1","OddEven","BufferLevel","0.075","0.5","0.05","OddEven+BufferLevel","1000","1.680813579","0.056046875","88.12991357680512","0.056046875","88.12991357680512"
"Transpose1","OddEven","ACO","0.075","0.3","0.0005","OddEven+ACO(0.3, 0.0005)","1000","1.9310343639999998","0.05678125","88.8450742982939","0.0565625","89.04530386740332"
"Transpose1","OddEven","ACO","0.075","0.3","0.002","OddEven+ACO(0.3, 0.002)","1000","1.623606599","0.05625","89.63583333333334","0.05603125","89.87562744004462"
"Transpose1","OddEven","ACO","0.075","0.3","0.008","OddEven+ACO(0.3, 0.008)","1000","1.71966131","0.056109375","90.93567251461988","0.055890625","91.14062063181437"
"Transpose1","OddEven","ACO","0.075","0.3","0.032","OddEven+ACO(0.3, 0.032)","1000","1.711727678","0.0561875","89.75917686318131","0.05596875","90.0036292573981"
"Transpose1","OddEven","ACO","0.075","0.4","0.0005","OddEven+ACO(0.4, 0.0005)","1000","2.1088412500000002","0.0565625","88.40276243093922","0.05634375","88.64281752634498"
"Transpose1","OddEven","ACO","0.075","0.4","0.002","OddEven+ACO(0.4, 0.002)","1000","1.6531730919999998","0.05659375","89.3398674765323","0.056375","89.59534368070953"
"Transpose1","OddEven","ACO","0.075","0.4","0.008","OddEven+ACO(0.4, 0.008)","1000","1.526584609","0.0561875","91.07091212458288","0.05596875","91.30960357342266"
"Transpose1","OddEven","ACO","0.075","0.4","0.032","OddEven+ACO(0.4, 0.032)","1000","1.575556247","0.056421875","91.16588202713929","0.056203125","91.39727550736725"
"Transpose1","OddEven","ACO","0.075","0.5","0.0005","OddEven+ACO(0.5, 0.0005)","1000","1.5959821920000001","0.056609375","91.10819762627656","0.056390625","91.37018564699363"
"Transpose1","OddEven","ACO","0.075","0.5","0.002","OddEven+ACO(0.5, 0.002)","1000","1.990963","0.056484375","88.93471645919779","0.056265625","89.14079422382672"
"Transpose1","OddEven","ACO","0.075","0.5","0.008","OddEven+ACO(0.5, 0.008)","1000","2.253263356","0.056640625","88.93710344827586","0.056421875","89.13431182497924"
"Transpose1","OddEven","ACO","0.075","0.5","0.032","OddEven+ACO(0.5, 0.032)","1000","1.5591726769999998","0.0565","89.84375","0.05628125","90.0846751804553"
"Transpose1","OddEven","ACO","0.075","0.6","0.0005","OddEven+ACO(0.6, 0.0005)","1000","1.721952208","0.05665625","88.04660783232212","0.0564375","88.27906976744185"
"Transpose1","OddEven","ACO","0.075","0.6","0.002","OddEven+ACO(0.6, 0.002)","1000","1.974273673","0.056328125","89.89431345353675","0.056109375","90.06599832915623"
"Transpose1","OddEven","ACO","0.075","0.6","0.008","OddEven+ACO(0.6, 0.008)","1000","1.569230033","0.056765625","87.31434076520782","0.056546875","87.50815142304504"
"Transpose1","OddEven","ACO","0.075","0.6","0.032","OddEven+ACO(0.6, 0.032)","1000","1.675999664","0.0560625","90.67753623188406","0.05584375","90.93760492445439"
"Transpose1","OddEven","ACO","0.075","0.7","0.0005","OddEven+ACO(0.7, 0.0005)","1000","1.488475939","0.056234375","88.13670464017783","0.056015625","88.32496513249652"
"Transpose1","OddEven","ACO","0.075","0.7","0.002","OddEven+ACO(0.7, 0.002)","1000","1.5158464820000002","0.056421875","88.92024369980615","0.056203125","89.12705031971088"
"Transpose1","OddEven","ACO","0.075","0.7","0.008","OddEven+ACO(0.7, 0.008)","1000","1.668161718","0.056921875","86.65522920669778","0.056703125","86.8793055938275"
"Transpose1","OddEven","ACO","0.075","0.7","0.032","OddEven+ACO(0.7, 0.032)","1000","1.946327503","0.0565","91.09015486725664","0.05628125","91.33148250971682"
"Transpose1","XY","Random","0.09","0.5","0.05","XY+Random","1000","2.173927612","0.045296875","124.13659882718179","0.045296875","124.13659882718179"
"Transpose1","OddEven","BufferLevel","0.09","0.5","0.05","OddEven+BufferLevel","1000","2.439042531","0.061296875","114.08564873821055","0.061296875","114.08564873821055"
"Transpose1","OddEven","ACO","0.09","0.3","0.0005","OddEven+ACO(0.3, 0.0005)","1000","2.3082118019999998","0.060375","115.92028985507247","0.06015625","116.1638961038961"
"Transpose1","OddEven","ACO","0.09","0.3","0.002","OddEven+ACO(0.3, 0.002)","1000","2.388719728","0.060453125","113.22693202377876","0.060234375","113.49857328145266"
"Transpose1","OddEven","ACO","0.09","0.3","0.008","OddEven+ACO(0.3, 0.008)","1000","2.299880617","0.06021875","116.72677737415673","0.06","116.98854166666666"
"Transpose1","OddEven","ACO","0.09","0.3","0.032","OddEven+ACO(0.3, 0.032)","1000","2.3827530599999998","0.060546875","114.89393548387096","0.060328125","115.16964516964516"
"Transpose1","OddEven","ACO","0.09","0.4","0.0005","OddEven+ACO(0.4, 0.0005)","1000","2.215354669","0.060546875","112.93806451612903","0.060328125","113.16679616679616"
"Transpose1","OddEven","ACO","0.09","0.4","0.002","OddEven+ACO(0.4, 0.002)","1000","2.160039558","0.06053125","113.04388229220444","0.0603125","113.3020725388601"
"Transpose1","OddEven","ACO","0.09","0.4","0.008","OddEven+ACO(0.4, 0.008)","1000","2.699075394","0.06028125","117.57827890098497","0.0600625","117.78798126951092"
"Transpose1","OddEven","ACO","0.09","0.4","0.032","OddEven+ACO(0.4, 0.032)","1000","2.2754453789999998","0.06090625","113.85505387378143","0.0606875","114.15190525231719"
"Transpose1","OddEven","ACO","0.09","0.5","0.0005","OddEven+ACO(0.5, 0.0005)","1000","2.3675633","0.060359375","113.10535852964017","0.060140625","113.341647181086"
"Transpose1","OddEven","ACO","0.09","0.5","0.002","OddEven+ACO(0.5, 0.002)","1000","2.414812892","0.060578125","112.30023213825123","0.060359375","112.56639917162826"
"Transpose1","OddEven","ACO","0.09","0.5","0.008","OddEven+ACO(0.5, 0.008)","1000","2.37252278","0.060609375","113.03067800979633","0.060390625","113.23932729624838"
"Transpose1","OddEven","ACO","0.09","0.5","0.032","OddEven+ACO(0.5, 0.032)","1000","2.3511361","0.060625","113.87809278350515","0.06040625","114.09415416451112"
"Transpose1","OddEven","ACO","0.09","0.6","0.0005","OddEven+ACO(0.6, 0.0005)","1000","2.050160202","0.060328125","117.92851592851594","0.060109375","118.22199116194437"
"Transpose1","OddEven","ACO","0.09","0.6","0.002","OddEven+ACO(0.6, 0.002)","1000","2.079826479","0.06046875","115.30645994832041","0.06025","115.53423236514523"
"Transpose1","OddEven","ACO","0.09","0.6","0.008","OddEven+ACO(0.6, 0.008)","1000","2.2583697320000002","0.060390625","114.17904269081501","0.060171875","114.45442742144897"
"Transpose1","OddEven","ACO","0.09","0.6","0.032","OddEven+ACO(0.6, 0.032)","1000","2.524691116","0.06003125","116.96199895887558","0.0598125","117.14864158829675"
"Transpose1","OddEven","ACO","0.09","0.7","0.0005","OddEven+ACO(0.7, 0.0005)","1000","2.107462496","0.060359375","114.82785399948227","0.060140625","115.10574175110418"
"Transpose1","OddEven","ACO","0.09","0.7","0.002","OddEven+ACO(0.7, 0.002)","1000","2.528490918","0.0608125","115.64182939362796","0.06059375","115.92315626611655"
"Transpose1","OddEven","ACO","0.09","0.7","0.008","OddEven+ACO(0.7, 0.008)","1000","2.614122427","0.06075","113.83487654320987","0.06053125","114.1115126484254"
"Transpose1","OddEven","ACO","0.09","0.7","0.032","OddEven+ACO(0.7, 0.032)","1000","2.45053558","0.060390625","111.56248382923674","0.060171875","111.78862633082316"
"Transpose1","XY","Random","0.105","0.5","0.05","XY+Random","1000","2.705120769","0.047109375","149.59137645107793","0.047109375","149.59137645107793"
"Transpose1","OddEven","BufferLevel","0.105","0.5","0.05","OddEven+BufferLevel","1000","3.439931408","0.06396875","142.01660967269174","0.06396875","142.01660967269174"
"Transpose1","OddEven","ACO","0.105","0.3","0.0005","OddEven+ACO(0.3, 0.0005)","1000","3.06201599","0.063203125","138.98368355995055","0.062984375","139.2041677003225"
"Transpose1","OddEven","ACO","0.105","0.3","0.002","OddEven+ACO(0.3, 0.002)","1000","2.866910862","0.063265625","140.99407261052113","0.063046875","141.22850061957868"
"Transpose1","OddEven","ACO","0.105","0.3","0.008","OddEven+ACO(0.3, 0.008)","1000","2.7188393","0.062734375","139.1760896637609","0.062515625","139.41489627593103"
"Transpose1","OddEven","ACO","0.105","0.3","0.032","OddEven+ACO(0.3, 0.032)","1000","3.027220815","0.062640625","139.9199301571464","0.062421875","140.16520650813516"
"Transpose1","OddEven","ACO","0.105","0.4","0.0005","OddEven+ACO(0.4, 0.0005)","1000","2.913347186","0.062890625","139.41888198757763","0.062671875","139.64796808775867"
"Transpose1","OddEven","ACO","0.105","0.4","0.002","OddEven+ACO(0.4, 0.002)","1000","2.908640693","0.06296875","140.8029776674938","0.062765625","141.0906148867314"
"Transpose1","OddEven","ACO","0.105","0.4","0.008","OddEven+ACO(0.4, 0.008)","1000","2.535001462","0.062984375","140.28553708757133","0.06278125","140.60079641612742"
"Transpose1","OddEven","ACO","0.105","0.4","0.032","OddEven+ACO(0.4, 0.032)","1000","2.834682634","0.06340625","138.73829472646625","0.063203125","138.9955500618047"
"Transpose1","OddEven","ACO","0.105","0.5","0.0005","OddEven+ACO(0.5, 0.0005)","1000","3.053302698","0.0629375","137.64572989076464","0.06271875","137.86173393124065"
"Transpose1","OddEven","ACO","0.105","0.5","0.002","OddEven+ACO(0.5, 0.002)","1000","2.650662135","0.062609375","139.37409533316696","0.06240625","139.6735102653981"
"Transpose1","OddEven","ACO","0.105","0.5","0.008","OddEven+ACO(0.5, 0.008)","1000","2.905468656","0.06309375","142.01040118870728","0.062890625","142.3311801242236"
"Transpose1","OddEven","ACO","0.105","0.5","0.032","OddEven+ACO(0.5, 0.032)","1000","2.754826946","0.0634375","135.87709359605913","0.06321875","136.08947108255066"
"Transpose1","OddEven","ACO","0.105","0.6","0.0005","OddEven+ACO(0.6, 0.0005)","1000","2.567497681","0.063265625","140.17584588787355","0.0630625","140.4838949454906"
"Transpose1","OddEven","ACO","0.105","0.6","0.002","OddEven+ACO(0.6, 0.002)","1000","3.011126089","0.0631875","139.56256181998023","0.062984375","139.85909203671545"
"Transpose1","OddEven","ACO","0.105","0.6","0.008","OddEven+ACO(0.6, 0.008)","1000","2.701108021","0.062875","139.80243538767397","0.062671875","140.10994764397907"
"Transpose1","OddEven","ACO","0.105","0.6","0.032","OddEven+ACO(0.6, 0.032)","1000","2.621381874","0.06290625","139.44113263785394","0.062703125","139.72040867181659"
"Transpose1","OddEven","ACO","0.105","0.7","0.0005","OddEven+ACO(0.7, 0.0005)","1000","2.77384927","0.062953125","137.01911144204516","0.062734375","137.2293897882939"
"Transpose1","OddEven","ACO","0.105","0.7","0.002","OddEven+ACO(0.7, 0.002)","1000","3.249065471","0.0630625","141.89494549058475","0.06284375","142.13575335653903"
"Transpose1","OddEven","ACO","0.105","0.7","0.008","OddEven+ACO(0.7, 0.008)","1000","2.973401846","0.06271875","137.5146985550573","0.0625","137.76375"
"Transpose1","OddEven","ACO","0.105","0.7","0.032","OddEven+ACO(0.7, 0.032)","1000","3.292597243","0.063015625","139.09670220679396","0.062796875","139.35531226673302"
"Transpose1","XY","Random","0.12","0.5","0.05","XY+Random","1000","2.750857532","0.0491875","155.01238881829732","0.0491875","155.01238881829732"
"Transpose1","OddEven","BufferLevel","0.12","0.5","0.05","OddEven+BufferLevel","1000","3.647229195","0.06665625","153.6446319737459","0.06665625","153.6446319737459"
"Transpose1","OddEven","ACO","0.12","0.3","0.0005","OddEven+ACO(0.3, 0.0005)","1000","3.3376974649999998","0.06428125","155.73237724842002","0.06409375","155.91857630424184"
"Transpose1","OddEven","ACO","0.12","0.3","0.002","OddEven+ACO(0.3, 0.002)","1000","3.171005771","0.064125","159.77217348927874","0.063953125","160.01685805032983"
"Transpose1","OddEven","ACO","0.12","0.3","0.008","OddEven+ACO(0.3, 0.008)","1000","3.446059874","0.064125","160.26072124756334","0.0639375","160.37145650048876"
"Transpose1","OddEven","ACO","0.12","0.3","0.032","OddEven+ACO(0.3, 0.032)","1000","3.276883458","0.0640625","156.33951219512196","0.063859375","156.56422804012723"
"Transpose1","OddEven","ACO","0.12","0.4","0.0005","OddEven+ACO(0.4, 0.0005)","1000","3.531373273","0.064171875","156.8892135378622","0.06396875","157.0161211529067"
"Transpose1","OddEven","ACO","0.12","0.4","0.002","OddEven+ACO(0.4, 0.002)","1000","3.313922408","0.063765625","158.25312423425632","0.063578125","158.4637503072008"
"Transpose1","OddEven","ACO","0.12","0.4","0.008","OddEven+ACO(0.4, 0.008)","1000","3.26057954","0.0643125","159.49028182701653","0.064140625","159.71790499390985"
"Transpose1","OddEven","ACO","0.12","0.4","0.032","OddEven+ACO(0.4, 0.032)","1000","3.333464692","0.064234375","156.45852590610556","0.064046875","156.53793608197122"
"Transpose1","OddEven","ACO","0.12","0.5","0.0005","OddEven+ACO(0.5, 0.0005)","1000","3.030809074","0.0645","159.42950581395348","0.0643125","159.57410106899903"
"Transpose1","OddEven","ACO","0.12","0.5","0.002","OddEven+ACO(0.5, 0.002)","1000","3.380820901","0.06365625","157.3868433971527","0.06346875","157.60955194485476"
"Transpose1","OddEven","ACO","0.12","0.5","0.008","OddEven+ACO(0.5, 0.008)","1000","3.300976288","0.063703125","160.23497669855286","0.063515625","160.45092250922508"
"Transpose1","OddEven","ACO","0.12","0.5","0.032","OddEven+ACO(0.5, 0.032)","1000","3.268851939","0.06425","158.80763618677042","0.0640625","158.88634146341462"
"Transpose1","OddEven","ACO","0.12","0.6","0.0005","OddEven+ACO(0.6, 0.0005)","1000","3.264423453","0.064203125","157.35531759552202","0.064015625","157.45594337319991"
"Transpose1","OddEven","ACO","0.12","0.6","0.002","OddEven+ACO(0.6, 0.002)","1000","3.3707501","0.0645625","157.35091965150048","0.064375","157.49757281553397"
"Transpose1","OddEven","ACO","0.12","0.6","0.008","OddEven+ACO(0.6, 0.008)","1000","3.212607075","0.063796875","160.79084006857704","0.063609375","160.98452468680912"
"Transpose1","OddEven","ACO","0.12","0.6","0.032","OddEven+ACO(0.6, 0.032)","1000","3.215739393","0.06378125","156.8919647231749","0.06359375","157.02162162162162"
"Transpose1","OddEven","ACO","0.12","0.7","0.0005","OddEven+ACO(0.7, 0.0005)","1000","3.753422773","0.06409375","160.70331545587518","0.063890625","160.8757642455368"
"Transpose1","OddEven","ACO","0.12","0.7","0.002","OddEven+ACO(0.7, 0.002)","1000","3.301502093","0.06409375","160.04095563139933","0.06390625","160.11662591687042"
"Transpose1","OddEven","ACO","0.12","0.7","0.008","OddEven+ACO(0.7, 0.008)","1000","3.127226223","0.064109375","159.41433097733366","0.063921875","159.49767782938156"
"Transpose1","OddEven","ACO","0.12","0.7","0.032","OddEven+ACO(0.7, 0.032)","1000","3.327105348","0.064453125","153.40654545454547","0.064265625","153.575978604425"
